{
  "contractions": {
    "don't": "do not",
    "can't": "cannot",
    "won't": "will not",
    "shouldn't": "should not",
    "wouldn't": "would not",
    "i'm": "i am",
    "it's": "it is",
    "that's": "that is",
    "what's": "what is",
    "there's": "there is"
  },
  "sentiment_keywords": {
    "positive": [
      "great",
      "excellent",
      "amazing",
      "wonderful",
      "fantastic",
      "brilliant",
      "perfect",
      "outstanding",
      "superb",
      "loved",
      "best",
      "masterpiece",
      "incredible"
    ],
    "negative": [
      "terrible",
      "awful",
      "horrible",
      "worst",
      "hate",
      "bad",
      "poor",
      "garbage",
      "disaster",
      "boring",
      "waste",
      "cringe",
      "unwatchable",
      "painfully"
    ]
  }
}